,IP_Address,Date&Time,Request,Status_Code,Page_code,Access_page,Browser
0,192.168.43.99,[26/Jun/2020:22:34:04,GET / HTTP/1.1,200,819,-,curl/7.61.1
1,192.168.43.99,[26/Jun/2020:22:34:06,GET / HTTP/1.1,200,819,-,curl/7.61.1
2,192.168.43.99,[26/Jun/2020:22:34:07,GET / HTTP/1.1,200,819,-,curl/7.61.1
3,192.168.43.99,[26/Jun/2020:22:34:09,GET / HTTP/1.1,200,819,-,curl/7.61.1
4,192.168.43.99,[26/Jun/2020:22:34:10,GET / HTTP/1.1,200,819,-,curl/7.61.1
5,192.168.43.99,[26/Jun/2020:22:34:11,GET / HTTP/1.1,200,819,-,curl/7.61.1
6,192.168.43.61,[26/Jun/2020:23:00:30,GET / HTTP/1.1,200,819,-,curl/7.61.1
7,192.168.43.61,[26/Jun/2020:23:00:32,GET / HTTP/1.1,200,819,-,curl/7.61.1
8,192.168.43.61,[26/Jun/2020:23:00:33,GET / HTTP/1.1,200,819,-,curl/7.61.1
9,192.168.43.61,[26/Jun/2020:23:00:34,GET / HTTP/1.1,200,819,-,curl/7.61.1
10,192.168.43.61,[26/Jun/2020:23:00:35,GET / HTTP/1.1,200,819,-,curl/7.61.1
11,192.168.43.38,[26/Jun/2020:23:05:50,GET / HTTP/1.1,200,819,-,curl/7.61.1
12,192.168.43.38,[26/Jun/2020:23:05:52,GET / HTTP/1.1,200,819,-,curl/7.61.1
13,192.168.43.38,[26/Jun/2020:23:05:54,GET / HTTP/1.1,200,819,-,curl/7.61.1
14,192.168.43.38,[26/Jun/2020:23:05:55,GET / HTTP/1.1,200,819,-,curl/7.61.1
15,192.168.43.38,[26/Jun/2020:23:05:56,GET / HTTP/1.1,200,819,-,curl/7.61.1
16,192.168.43.38,[26/Jun/2020:23:05:57,GET / HTTP/1.1,200,819,-,curl/7.61.1
17,192.168.43.38,[26/Jun/2020:23:05:58,GET / HTTP/1.1,200,819,-,curl/7.61.1
18,192.168.43.38,[26/Jun/2020:23:05:59,GET / HTTP/1.1,200,819,-,curl/7.61.1
19,192.168.43.52,[26/Jun/2020:23:09:31,GET / HTTP/1.1,200,819,-,curl/7.61.1
20,192.168.43.52,[26/Jun/2020:23:09:59,GET / HTTP/1.1,200,819,-,curl/7.61.1
21,192.168.43.52,[26/Jun/2020:23:10:01,GET / HTTP/1.1,200,819,-,curl/7.61.1
22,192.168.43.52,[26/Jun/2020:23:10:02,GET / HTTP/1.1,200,819,-,curl/7.61.1
23,192.168.43.52,[26/Jun/2020:23:10:02,GET / HTTP/1.1,200,819,-,curl/7.61.1
24,192.168.43.52,[26/Jun/2020:23:10:03,GET / HTTP/1.1,200,819,-,curl/7.61.1
25,192.168.43.52,[26/Jun/2020:23:10:04,GET / HTTP/1.1,200,819,-,curl/7.61.1
26,192.168.43.52,[26/Jun/2020:23:10:05,GET / HTTP/1.1,200,819,-,curl/7.61.1
27,192.168.43.52,[26/Jun/2020:23:10:06,GET / HTTP/1.1,200,819,-,curl/7.61.1
28,192.168.43.52,[26/Jun/2020:23:10:06,GET / HTTP/1.1,200,819,-,curl/7.61.1
29,192.168.43.52,[26/Jun/2020:23:10:07,GET / HTTP/1.1,200,819,-,curl/7.61.1
30,192.168.43.52,[26/Jun/2020:23:10:08,GET / HTTP/1.1,200,819,-,curl/7.61.1
31,192.168.43.52,[26/Jun/2020:23:10:09,GET / HTTP/1.1,200,819,-,curl/7.61.1
32,192.168.43.52,[26/Jun/2020:23:10:10,GET / HTTP/1.1,200,819,-,curl/7.61.1
33,192.168.43.52,[26/Jun/2020:23:10:11,GET / HTTP/1.1,200,819,-,curl/7.61.1
34,192.168.43.52,[26/Jun/2020:23:10:11,GET / HTTP/1.1,200,819,-,curl/7.61.1
35,192.168.43.52,[26/Jun/2020:23:10:12,GET / HTTP/1.1,200,819,-,curl/7.61.1
36,192.168.43.52,[26/Jun/2020:23:10:13,GET / HTTP/1.1,200,819,-,curl/7.61.1
37,192.168.43.52,[26/Jun/2020:23:10:14,GET / HTTP/1.1,200,819,-,curl/7.61.1
38,192.168.43.52,[26/Jun/2020:23:10:15,GET / HTTP/1.1,200,819,-,curl/7.61.1
39,192.168.43.52,[26/Jun/2020:23:10:16,GET / HTTP/1.1,200,819,-,curl/7.61.1
40,192.168.43.52,[26/Jun/2020:23:10:19,GET / HTTP/1.1,200,819,-,curl/7.61.1
41,192.168.43.52,[26/Jun/2020:23:10:19,GET / HTTP/1.1,200,819,-,curl/7.61.1
42,192.168.43.52,[26/Jun/2020:23:10:20,GET / HTTP/1.1,200,819,-,curl/7.61.1
43,192.168.43.52,[26/Jun/2020:23:10:21,GET / HTTP/1.1,200,819,-,curl/7.61.1
44,192.168.43.52,[26/Jun/2020:23:10:22,GET / HTTP/1.1,200,819,-,curl/7.61.1
45,192.168.43.52,[26/Jun/2020:23:10:23,GET / HTTP/1.1,200,819,-,curl/7.61.1
46,192.168.43.52,[26/Jun/2020:23:10:26,GET / HTTP/1.1,200,819,-,curl/7.61.1
47,192.168.43.52,[26/Jun/2020:23:10:28,GET / HTTP/1.1,200,819,-,curl/7.61.1
48,192.168.43.52,[26/Jun/2020:23:10:31,GET / HTTP/1.1,200,819,-,curl/7.61.1
49,192.168.43.52,[26/Jun/2020:23:10:55,GET / HTTP/1.1,200,819,-,curl/7.61.1
50,192.168.43.52,[26/Jun/2020:23:10:56,GET / HTTP/1.1,200,819,-,curl/7.61.1
51,192.168.43.52,[26/Jun/2020:23:10:57,GET / HTTP/1.1,200,819,-,curl/7.61.1
52,192.168.43.52,[26/Jun/2020:23:10:58,GET / HTTP/1.1,200,819,-,curl/7.61.1
53,192.168.43.52,[26/Jun/2020:23:10:59,GET / HTTP/1.1,200,819,-,curl/7.61.1
54,192.168.43.52,[26/Jun/2020:23:11:00,GET / HTTP/1.1,200,819,-,curl/7.61.1
55,192.168.43.52,[26/Jun/2020:23:11:01,GET / HTTP/1.1,200,819,-,curl/7.61.1
56,192.168.43.52,[26/Jun/2020:23:11:02,GET / HTTP/1.1,200,819,-,curl/7.61.1
57,192.168.43.52,[26/Jun/2020:23:11:03,GET / HTTP/1.1,200,819,-,curl/7.61.1
58,192.168.43.52,[26/Jun/2020:23:11:04,GET / HTTP/1.1,200,819,-,curl/7.61.1
59,192.168.43.52,[26/Jun/2020:23:11:05,GET / HTTP/1.1,200,819,-,curl/7.61.1
60,192.168.43.52,[26/Jun/2020:23:11:12,GET / HTTP/1.1,200,819,-,curl/7.61.1
61,192.168.43.52,[26/Jun/2020:23:11:13,GET / HTTP/1.1,200,819,-,curl/7.61.1
62,192.168.43.52,[26/Jun/2020:23:11:14,GET / HTTP/1.1,200,819,-,curl/7.61.1
63,192.168.43.52,[26/Jun/2020:23:11:14,GET / HTTP/1.1,200,819,-,curl/7.61.1
